month,min temperature,mean temperature,max temperature
1,-12.0,-7.129032258064516,-3.0
2,-10.0,-5.642857142857143,0.0
3,-4.0,2.3225806451612905,11.0
